TRTPN,SEXN,COUNT,PERCENT,PCT_ROW,PCT_COL,value
0,1,16,13.333333333,55.172413793,21.052631579,16 ( 55.2%)
1,1,22,18.333333333,70.967741935,28.947368421,22 ( 71.0%)
2,1,38,31.666666667,63.333333333,50,38 ( 63.3%)
0,2,12,10,41.379310345,28.571428571,12 ( 41.4%)
1,2,9,7.5,29.032258065,21.428571429,9 ( 29.0%)
2,2,21,17.5,35,50,21 ( 35.0%)
