TRTA,left_a,visit,count_a,survprob_a,lcl_a,ucl_a,left_b,count_b,survprob_b,lcl_b,ucl_b,left_c,count_c,survprob_c,lcl_c,ucl_c
C,68,0,0,1,,,64,0,1,,,68,0,1,,
C,61,91,4,0.9400414996,0.8830547916,0.9970282075,55,4,0.9346146599,0.8726288675,0.9966004523,59,1,0.9846153846,0.9546943902,1.0145363791
C,53,183,10,0.8454676275,0.7572628484,0.9336724066,52,6,0.9003080497,0.8245214705,0.9760946289,51,2,0.9676392573,0.923450127,1.0118283875
C,48,365,15,0.7657065305,0.6617441157,0.8696689454,45,10,0.8292469461,0.7325702467,0.9259236456,49,2,0.9676392573,0.923450127,1.0118283875
C,27,731,21,0.6623462773,0.5432037464,0.7814888082,29,14,0.750977335,0.6367569518,0.8651977183,35,3,0.9478915173,0.8900872045,1.0056958302
C,2,1096,26,0.3954089162,0.1725068249,0.6183110074,0,18,0.5504161677,0.3214401603,0.779392175,7,7,0.7133525331,0.4921233362,0.93458173
C,0,1461,26,0.3954089162,0.1725068249,0.6183110074,,,,,,0,7,0.7133525331,0.4921233362,0.93458173
