_VAR_,_WIL_,Z_WIL,PL_WIL,PR_WIL,P2_WIL,PTL_WIL,PTR_WIL,PT2_WIL,_KW_,DF_KW,P_KW
Change,186.5,-0.069135868,0.4724407356,,0.9448814712,0.4726954824,,0.9453909648,0.0084973656,1,0.9265541091
