_NAME_,_SOURCE_,_TYPE_,DF,SS,F,PROB
Change,ERROR,ERROR,25,3979.7089747,,
Change,Group,SS1,1,134.2759959,0.8435038639,0.3671731035
Change,Gender,SS1,1,0.0274294038,0.0001723078,0.9896309771
Change,Group,SS3,1,130.74234222,0.8213059237,0.3734509157
Change,Gender,SS3,1,0.0274294038,0.0001723078,0.9896309771
